entry_time,entry_price,direction,exit_time,exit_price,exit_reason,stop_loss_price,take_profit_price,gross_pnl_points,gross_pnl_ntd,total_cost_ntd,net_pnl_ntd
2026-05-28 00:00:00,44913.0,long,2026-05-28 00:00:00,44763.0,stop_loss,44763.0,45213.0,-150.0,-7500.0,139.67600000000002,-7639.676
2026-06-02 23:00:00,46582.0,long,2026-06-02 23:00:00,46432.0,stop_loss,46432.0,46882.0,-150.0,-7500.0,143.014,-7643.014
2026-06-05 01:00:00,46186.0,short,2026-06-05 02:00:00,46336.0,stop_loss,46336.0,45886.0,-150.0,-7500.0,142.52200000000002,-7642.522
2026-06-10 10:45:00,44094.0,short,2026-06-10 10:45:00,43794.0,take_profit,44244.0,43794.0,300.0,15000.0,137.888,14862.112
2026-06-10 22:00:00,43217.0,short,2026-06-10 22:00:00,43367.0,stop_loss,43367.0,42917.0,-150.0,-7500.0,136.584,-7636.584
2026-06-11 10:45:00,43118.0,short,2026-06-11 10:45:00,42818.0,take_profit,43268.0,42818.0,300.0,15000.0,135.936,14864.064
2026-06-12 17:00:00,44191.0,long,2026-06-12 18:00:00,44491.0,take_profit,44041.0,44491.0,300.0,15000.0,138.68200000000002,14861.318
2026-06-12 23:00:00,44304.0,long,2026-06-13 00:00:00,44604.0,take_profit,44154.0,44604.0,300.0,15000.0,138.90800000000002,14861.092
2026-06-13 02:00:00,44651.0,long,2026-06-15 09:45:00,45743.0,take_profit,44501.0,44951.0,1092.0,54600.0,140.394,54459.606
2026-06-18 04:00:00,46422.0,long,2026-06-18 04:00:00,46272.0,stop_loss,46272.0,46722.0,-150.0,-7500.0,142.69400000000002,-7642.694
2026-06-24 10:45:00,46488.0,short,2026-06-24 10:45:00,46638.0,stop_loss,46638.0,46188.0,-150.0,-7500.0,143.126,-7643.126
2026-06-24 13:45:00,46462.0,short,2026-06-24 13:45:00,46612.0,stop_loss,46612.0,46162.0,-150.0,-7500.0,143.074,-7643.074
2026-06-26 02:00:00,45782.0,short,2026-06-26 09:45:00,45482.0,take_profit,45932.0,45482.0,300.0,15000.0,141.264,14858.736
2026-06-30 00:00:00,45794.0,long,2026-06-30 00:00:00,46094.0,take_profit,45644.0,46094.0,300.0,15000.0,141.888,14858.112
2026-07-01 11:45:00,47270.0,long,2026-07-01 11:45:00,47120.0,stop_loss,47120.0,47570.0,-150.0,-7500.0,144.39000000000001,-7644.39
2026-07-01 17:00:00,47222.0,long,2026-07-01 19:00:00,47522.0,take_profit,47072.0,47522.0,300.0,15000.0,144.74400000000003,14855.256
