datetime,open,high,low,close,volume
2026-01-05 09:45:00,22000.0,22005.181508304806,21986.486867860687,21998.67110671195,217
2026-01-05 10:45:00,21998.67110671195,22028.14757134236,21994.91531162447,22022.00809350914,371
2026-01-05 11:45:00,22022.00809350914,22023.943791681668,21999.020778709102,22014.327020666366,962
2026-01-05 12:45:00,22014.327020666366,22016.840999327127,21991.02692996332,21998.291122567487,806
2026-01-05 13:45:00,21998.291122567487,21998.83134820499,21985.704965723864,21997.102951213572,372
2026-01-05 16:00:00,21997.102951213572,22000.108535360338,21975.19932191745,21980.004431436802,245
2026-01-05 17:00:00,21980.004431436802,22006.994022083996,21971.542744005154,22006.886044286093,511
2026-01-05 18:00:00,22006.886044286093,22023.865093727247,21996.260555894907,22008.18773273621,198
2026-01-05 19:00:00,22008.18773273621,22012.791143083155,22005.778903171496,22011.86595682405,839
2026-01-05 20:00:00,22011.86595682405,22020.3229346338,22001.127662630515,22003.876608947063,981
2026-01-05 21:00:00,22003.876608947063,22009.291984949512,21993.693090384182,21998.58650069491,615
2026-01-05 22:00:00,21998.58650069491,22001.06019970172,21984.745050574016,21987.395158025243,587
2026-01-05 23:00:00,21987.395158025243,21996.245837817292,21974.321859025873,21983.89151201852,506
2026-01-06 00:00:00,21983.89151201852,21992.873983420806,21980.99842381814,21984.84572023767,422
2026-01-06 01:00:00,21984.84572023767,22008.744970455802,21972.328570991158,22008.458362142923,1409
2026-01-06 02:00:00,22008.458362142923,22013.388980726784,22007.72427593064,22010.99692192306,1093
2026-01-06 03:00:00,22010.99692192306,22027.84725502191,22006.85076017687,22016.024102663978,504
2026-01-06 04:00:00,22016.024102663978,22031.632507741408,22011.78602103384,22029.00249886413,356
2026-01-06 05:00:00,22029.00249886413,22049.294214797166,22026.381201691347,22043.677790046146,296
2026-01-06 09:45:00,22043.677790046146,22051.723823346172,22043.636882393006,22049.635381168733,217
2026-01-06 10:45:00,22049.635381168733,22052.37709730095,22038.49548644922,22044.913704602994,180
2026-01-06 11:45:00,22044.913704602994,22078.920251297848,22042.85330147721,22077.523628795192,137
2026-01-06 12:45:00,22077.523628795192,22078.440664908852,22057.81769189531,22077.958823229324,196
2026-01-06 13:45:00,22077.958823229324,22090.950951387018,22068.816240713204,22081.601527086063,475
2026-01-06 16:00:00,22081.601527086063,22092.823881573553,22061.643514071184,22072.858322573524,393
2026-01-06 17:00:00,22072.858322573524,22077.388704410347,22064.199809603397,22064.997020524097,351
2026-01-06 18:00:00,22064.997020524097,22075.908959098215,22061.208281079016,22067.410529388406,559
2026-01-06 19:00:00,22067.410529388406,22069.987021518053,22055.18955326075,22061.697690999707,715
2026-01-06 20:00:00,22061.697690999707,22098.216947481156,22060.220620131448,22085.357081604667,229
2026-01-06 21:00:00,22085.357081604667,22095.920734509342,22067.511082113044,22071.68661463798,248
2026-01-06 22:00:00,22071.68661463798,22086.4103342174,22069.82858506069,22080.970136444772,246
2026-01-06 23:00:00,22080.970136444772,22115.386949741016,22071.43970846715,22111.596286373722,428
2026-01-07 00:00:00,22111.596286373722,22134.920356945397,22105.030827826908,22125.651592313337,581
2026-01-07 01:00:00,22125.651592313337,22157.48706935371,22123.688487385316,22142.312725492477,476
2026-01-07 02:00:00,22142.312725492477,22142.929539167788,22129.723143163843,22132.452358962375,238
2026-01-07 03:00:00,22132.452358962375,22149.227494220173,22130.33510429647,22137.599221602915,1460
2026-01-07 04:00:00,22137.599221602915,22146.166361587406,22125.53163934519,22129.391418667135,211
2026-01-07 05:00:00,22129.391418667135,22141.85467446695,22122.617068922587,22141.272043165696,857
2026-01-07 09:45:00,22141.272043165696,22162.352385684553,22131.306132936,22160.63963573151,186
2026-01-07 10:45:00,22160.63963573151,22161.869436579072,22154.68546358958,22155.15113333715,671
2026-01-07 11:45:00,22155.15113333715,22179.95537529766,22146.72071692087,22171.29096535226,788
2026-01-07 12:45:00,22171.29096535226,22188.911427486877,22167.17058386181,22184.80113987958,2026
2026-01-07 13:45:00,22184.80113987958,22217.514357435335,22179.59000986913,22209.88234332739,257
2026-01-07 16:00:00,22209.88234332739,22211.77689218131,22202.7368936365,22206.61980201913,140
2026-01-07 17:00:00,22206.61980201913,22212.109883542125,22176.37246808981,22189.274195059326,335
2026-01-07 18:00:00,22189.274195059326,22207.685162543705,22183.551765385248,22199.06320432027,439
2026-01-07 19:00:00,22199.06320432027,22208.77049101472,22193.850401539425,22208.405916295487,1171
2026-01-07 20:00:00,22208.405916295487,22209.897550813643,22180.876747390015,22186.17103910816,526
2026-01-07 21:00:00,22186.17103910816,22194.492492689416,22179.2449975548,22190.452594457573,700
2026-01-07 22:00:00,22190.452594457573,22195.679228318164,22175.89441209321,22190.01804601546,302
2026-01-07 23:00:00,22190.01804601546,22226.063281944942,22181.758323931048,22209.08603236884,859
2026-01-08 00:00:00,22209.08603236884,22240.216087301353,22205.53547694367,22234.5547315764,487
2026-01-08 01:00:00,22234.5547315764,22265.392977327723,22226.359630445728,22239.46283860717,226
2026-01-08 02:00:00,22239.46283860717,22280.70984749595,22235.942482713595,22269.268716472263,165
2026-01-08 03:00:00,22269.268716472263,22278.574026489503,22257.002212729076,22257.084077217234,590
2026-01-08 04:00:00,22257.084077217234,22272.756245958564,22256.525660537314,22267.954510941294,292
2026-01-08 05:00:00,22267.954510941294,22297.936264685213,22258.05198695068,22285.24813015605,1166
2026-01-08 09:45:00,22285.24813015605,22294.97434108346,22283.000195214172,22290.267803431583,411
2026-01-08 10:45:00,22290.267803431583,22297.50010549207,22283.470986655415,22292.785187436515,278
2026-01-08 11:45:00,22292.785187436515,22317.922798742486,22286.282290485804,22315.46440257547,414
2026-01-08 12:45:00,22315.46440257547,22322.02112469747,22310.581440452002,22316.042775856484,110
2026-01-08 13:45:00,22316.042775856484,22350.34089287931,22311.66599680712,22345.608321768625,201
2026-01-08 16:00:00,22345.608321768625,22378.591364935848,22339.10024468062,22371.988034143942,752
2026-01-08 17:00:00,22371.988034143942,22394.955549928913,22369.394703324033,22392.473415876164,165
2026-01-08 18:00:00,22392.473415876164,22418.316612071423,22375.73431767068,22411.770846605556,603
2026-01-08 19:00:00,22411.770846605556,22443.879109740927,22406.777888069137,22437.545808189225,414
2026-01-08 20:00:00,22437.545808189225,22438.152244654775,22428.87591016592,22434.29320385802,587
2026-01-08 21:00:00,22434.29320385802,22436.864290591242,22428.611289600023,22431.914741234228,381
2026-01-08 22:00:00,22431.914741234228,22446.52103278248,22427.85919583126,22444.56130021361,335
2026-01-08 23:00:00,22444.56130021361,22455.82101040862,22427.665137627515,22433.412691397534,206
2026-01-09 00:00:00,22433.412691397534,22473.09525438614,22432.133183157828,22466.233977400523,109
2026-01-09 01:00:00,22466.233977400523,22476.98633682539,22463.652228917817,22474.67706771403,513
2026-01-09 02:00:00,22474.67706771403,22509.541833768435,22471.46337393724,22508.67175258078,445
2026-01-09 03:00:00,22508.67175258078,22521.75662970671,22507.89034379239,22521.655890500457,486
2026-01-09 04:00:00,22521.655890500457,22550.996360393237,22513.981723891775,22539.387211530877,1176
2026-01-09 05:00:00,22539.387211530877,22563.01231718361,22521.868788065134,22561.545581137703,504
2026-01-09 09:45:00,22561.545581137703,22580.90833925937,22557.339540964258,22563.91717346489,479
2026-01-09 10:45:00,22563.91717346489,22596.90053526711,22556.313782759404,22581.891168553382,388
2026-01-09 11:45:00,22581.891168553382,22611.10626454724,22567.23949842655,22600.544398891077,689
2026-01-09 12:45:00,22600.544398891077,22611.3753778844,22585.849363486654,22586.765682248675,718
2026-01-09 13:45:00,22586.765682248675,22588.04742978604,22586.38983749856,22588.005480188294,325
2026-01-09 16:00:00,22588.005480188294,22589.144516068463,22584.5851483645,22585.547513418194,357
2026-01-09 17:00:00,22585.547513418194,22597.82042678408,22572.14595455469,22582.36736912988,266
2026-01-09 18:00:00,22582.36736912988,22618.05938080434,22572.93299165737,22617.13398373,133
2026-01-09 19:00:00,22617.13398373,22661.16899621392,22609.361416122367,22659.17728302609,422
2026-01-09 20:00:00,22659.17728302609,22664.86685490579,22650.709887131292,22659.378443225803,979
2026-01-09 21:00:00,22659.378443225803,22661.53369790136,22633.89679951615,22639.63713756252,851
2026-01-09 22:00:00,22639.63713756252,22687.84038935456,22626.01007804768,22676.79957768884,127
2026-01-09 23:00:00,22676.79957768884,22706.046856213274,22676.086617372737,22689.507319412955,752
2026-01-10 00:00:00,22689.507319412955,22716.15190499039,22685.39638407426,22708.632866699772,629
2026-01-10 01:00:00,22708.632866699772,22743.373856004182,22704.60049457563,22735.4880476335,365
2026-01-10 02:00:00,22735.4880476335,22753.59728633726,22731.05885319072,22745.315347757904,698
2026-01-10 03:00:00,22745.315347757904,22767.011257572914,22743.60350847203,22761.413453508972,156
2026-01-10 04:00:00,22761.413453508972,22788.97662606282,22757.169444328087,22782.91656438244,387
2026-01-10 05:00:00,22782.91656438244,22795.03809288003,22749.662239998244,22760.5972341378,922
2026-01-12 09:45:00,22760.5972341378,22786.121824963757,22735.966187670158,22783.63182372741,659
2026-01-12 10:45:00,22783.63182372741,22796.71820049635,22782.004114640473,22783.86662993429,478
2026-01-12 11:45:00,22783.86662993429,22795.44682933828,22770.36949685371,22786.794445309366,540
2026-01-12 12:45:00,22786.794445309366,22824.36038409503,22779.90417169874,22823.74143763385,861
2026-01-12 13:45:00,22823.74143763385,22825.273609012256,22816.73649160677,22823.750899587587,791
2026-01-12 16:00:00,22823.750899587587,22879.729745309596,22819.247145694062,22868.541204719044,425
2026-01-12 17:00:00,22868.541204719044,22880.596323140362,22868.153031695485,22873.684396982924,515
2026-01-12 18:00:00,22873.684396982924,22890.007884157898,22866.423887686593,22888.096299782967,388
2026-01-12 19:00:00,22888.096299782967,22919.32337559757,22887.301641339534,22911.50293363918,475
2026-01-12 20:00:00,22911.50293363918,22937.210007877875,22906.938144290438,22931.90901780631,481
2026-01-12 21:00:00,22931.90901780631,22932.2936973796,22917.4705672764,22919.548347290172,552
2026-01-12 22:00:00,22919.548347290172,22920.076985679352,22900.65509464931,22910.343224247412,425
2026-01-12 23:00:00,22910.343224247412,22915.344355332076,22902.292881773697,22912.267910978237,388
2026-01-13 00:00:00,22912.267910978237,22916.506344401558,22899.803086564316,22911.33563552958,1335
2026-01-13 01:00:00,22911.33563552958,22935.180526845535,22908.36646854261,22933.556163757192,401
2026-01-13 02:00:00,22933.556163757192,22955.452935603906,22931.52079701078,22946.11067911063,268
2026-01-13 03:00:00,22946.11067911063,22956.399025006023,22942.955061971603,22952.938559503466,310
2026-01-13 04:00:00,22952.938559503466,23006.233020599055,22950.330371246124,22999.2640229716,700
2026-01-13 05:00:00,22999.2640229716,23007.32871345894,22967.8734957193,22982.83983108751,275
2026-01-13 09:45:00,22982.83983108751,23024.26889873292,22981.08702685704,23021.653479742807,514
2026-01-13 10:45:00,23021.653479742807,23041.677378104403,23009.82478977657,23035.510456553307,671
2026-01-13 11:45:00,23035.510456553307,23048.49059878727,23017.34491369087,23043.42834385842,190
2026-01-13 12:45:00,23043.42834385842,23057.34847760287,23036.785657326065,23050.549722647153,528
2026-01-13 13:45:00,23050.549722647153,23060.963510309863,23047.88042580486,23057.13167170389,618
2026-01-13 16:00:00,23057.13167170389,23073.78809420485,23053.577325623282,23065.95798447859,288
2026-01-13 17:00:00,23065.95798447859,23073.857296304126,23055.11288160815,23066.90044894328,306
2026-01-13 18:00:00,23066.90044894328,23081.70550370444,23052.670686952046,23071.74826607795,848
2026-01-13 19:00:00,23071.74826607795,23087.77525491177,23062.744353699563,23085.53550590121,1322
2026-01-13 20:00:00,23085.53550590121,23106.815853986824,23081.687432047318,23101.009720995633,211
2026-01-13 21:00:00,23101.009720995633,23135.59169204369,23090.246360626392,23120.53549607189,896
2026-01-13 22:00:00,23120.53549607189,23121.541791432686,23118.118262357442,23118.56406165575,647
2026-01-13 23:00:00,23118.56406165575,23153.872144094104,23115.149013096172,23152.608080905473,606
2026-01-14 00:00:00,23152.608080905473,23176.699359796996,23142.288393707546,23176.11281605949,747
2026-01-14 01:00:00,23176.11281605949,23216.36065410319,23164.087672434543,23214.28392329228,222
2026-01-14 02:00:00,23214.28392329228,23214.718282224425,23185.21352345425,23187.06099969592,448
2026-01-14 03:00:00,23187.06099969592,23222.52348020838,23178.208792425987,23220.37237068394,1386
2026-01-14 04:00:00,23220.37237068394,23234.50259981292,23218.787692597798,23234.30959911604,172
2026-01-14 05:00:00,23234.30959911604,23239.147709551227,23229.96220094697,23238.8856833895,456
2026-01-14 09:45:00,23238.8856833895,23258.923712331703,23217.67792492236,23246.891768423044,645
2026-01-14 10:45:00,23246.891768423044,23249.633269175687,23226.35961375102,23229.331140678987,803
2026-01-14 11:45:00,23229.331140678987,23243.349304226376,23215.691448773752,23223.176875918933,735
2026-01-14 12:45:00,23223.176875918933,23227.373038049172,23215.079708910234,23218.99470540006,711
2026-01-14 13:45:00,23218.99470540006,23231.12898648666,23213.30702565443,23228.130420026264,322
2026-01-14 16:00:00,23228.130420026264,23265.298522402118,23223.20293517071,23256.650015781317,396
2026-01-14 17:00:00,23256.650015781317,23282.757698020378,23249.257799627663,23272.748789409296,192
2026-01-14 18:00:00,23272.748789409296,23305.005690743732,23261.48109903839,23299.37094121939,878
2026-01-14 19:00:00,23299.37094121939,23313.409294675264,23276.089178549213,23292.744613812283,948
2026-01-14 20:00:00,23292.744613812283,23307.64089398282,23289.551524897466,23303.28154128835,118
2026-01-14 21:00:00,23303.28154128835,23319.52342088632,23300.37264359064,23318.321006794624,128
2026-01-14 22:00:00,23318.321006794624,23329.10649017147,23298.855168759248,23304.80128151143,185
2026-01-14 23:00:00,23304.80128151143,23319.253567099095,23300.483204068954,23316.4729134562,489
2026-01-15 00:00:00,23316.4729134562,23319.738935501915,23300.141518794037,23313.76218762794,614
2026-01-15 01:00:00,23313.76218762794,23337.84415569115,23300.43839207224,23329.982627819587,607
2026-01-15 02:00:00,23329.982627819587,23334.981176441153,23319.490031523186,23319.69875992487,358
2026-01-15 03:00:00,23319.69875992487,23339.12580708444,23314.806617500937,23333.082743625615,803
2026-01-15 04:00:00,23333.082743625615,23340.889729649432,23314.66458825266,23323.093722625523,574
2026-01-15 05:00:00,23323.093722625523,23347.59185117887,23316.226860384075,23346.11316218931,450
2026-01-15 09:45:00,23346.11316218931,23376.537611137344,23345.344682991516,23356.056934831195,674
2026-01-15 10:45:00,23356.056934831195,23377.620830082695,23351.041198368894,23363.45442499761,1006
2026-01-15 11:45:00,23363.45442499761,23370.115395336383,23355.673989400595,23365.05613342394,410
2026-01-15 12:45:00,23365.05613342394,23367.03628250835,23360.17535343549,23360.77082086829,410
2026-01-15 13:45:00,23360.77082086829,23363.812403676337,23345.099603188326,23349.984289150598,379
2026-01-15 16:00:00,23349.984289150598,23376.76481535255,23349.42296345893,23373.091374718722,930
2026-01-15 17:00:00,23373.091374718722,23388.00083021399,23362.87738611216,23385.82819951643,640
2026-01-15 18:00:00,23385.82819951643,23401.24368922912,23385.601652507386,23395.79168365014,114
2026-01-15 19:00:00,23395.79168365014,23399.20448681293,23392.0934813405,23398.435520597403,317
2026-01-15 20:00:00,23398.435520597403,23414.11084012157,23388.389471592815,23410.280851148265,547
2026-01-15 21:00:00,23410.280851148265,23423.957483044298,23408.708412936172,23412.38165996947,615
2026-01-15 22:00:00,23412.38165996947,23430.253201924497,23411.723388055267,23423.13615555951,632
2026-01-15 23:00:00,23423.13615555951,23470.868701637657,23420.233447075992,23452.4775166487,322
2026-01-16 00:00:00,23452.4775166487,23491.511137929127,23449.116022111935,23487.3282577119,240
2026-01-16 01:00:00,23487.3282577119,23495.361383845917,23474.36650438881,23480.508884909643,117
2026-01-16 02:00:00,23480.508884909643,23521.08162888813,23472.63430572183,23513.094796562218,206
2026-01-16 03:00:00,23513.094796562218,23541.101751714297,23510.035518592747,23532.1199755418,183
2026-01-16 04:00:00,23532.1199755418,23565.815665377275,23527.018055667788,23546.17326425799,365
2026-01-16 05:00:00,23546.17326425799,23551.272361276442,23536.37134659365,23545.88347884251,810
2026-01-16 09:45:00,23545.88347884251,23549.6548032936,23533.849156331857,23538.266940686106,416
2026-01-16 10:45:00,23538.266940686106,23550.646982296745,23507.193056988443,23521.560078373208,406
2026-01-16 11:45:00,23521.560078373208,23533.66707609486,23516.291724191826,23530.99142177496,1105
2026-01-16 12:45:00,23530.99142177496,23542.025975599077,23518.629016826893,23524.47645714643,116
2026-01-16 13:45:00,23524.47645714643,23526.91934295006,23524.34507397785,23525.12903933695,694
2026-01-16 16:00:00,23525.12903933695,23530.596836802884,23516.775752320398,23526.68132126274,440
2026-01-16 17:00:00,23526.68132126274,23546.809556638316,23521.9560826172,23543.93521991202,654
2026-01-16 18:00:00,23543.93521991202,23567.033366047923,23534.580855188455,23558.49996853121,791
2026-01-16 19:00:00,23558.49996853121,23563.864886530097,23548.847896799143,23562.69117703863,508
2026-01-16 20:00:00,23562.69117703863,23563.29897828129,23552.46356213777,23563.069019697814,195
2026-01-16 21:00:00,23563.069019697814,23569.03904822603,23543.301873837005,23548.465747286133,1181
2026-01-16 22:00:00,23548.465747286133,23559.011319199133,23535.846121048024,23557.016249729448,147
2026-01-16 23:00:00,23557.016249729448,23573.77101752989,23553.444780813043,23572.278144544638,197
2026-01-17 00:00:00,23572.278144544638,23573.341901937813,23558.614811039533,23564.215777559046,697
2026-01-17 01:00:00,23564.215777559046,23567.23347255956,23546.747892139705,23559.27208437358,132
2026-01-17 02:00:00,23559.27208437358,23603.965667209264,23541.68163672062,23592.381556005934,320
2026-01-17 03:00:00,23592.381556005934,23598.048407584327,23580.08449158306,23582.03489729323,382
2026-01-17 04:00:00,23582.03489729323,23604.12782492388,23581.241490382996,23598.92621550021,1023
2026-01-17 05:00:00,23598.92621550021,23604.46148005926,23579.79843753679,23580.163125667634,221
2026-01-19 09:45:00,23580.163125667634,23590.175441061157,23568.270237280634,23579.82035411322,141
2026-01-19 10:45:00,23579.82035411322,23585.029455394153,23575.262215871364,23581.375429640924,323
2026-01-19 11:45:00,23581.375429640924,23598.58722267498,23575.703399580216,23597.01505331737,144
2026-01-19 12:45:00,23597.01505331737,23611.422576780657,23583.446332589156,23583.76759619431,815
2026-01-19 13:45:00,23583.76759619431,23590.49274458622,23563.261237704788,23568.482229539208,323
2026-01-19 16:00:00,23568.482229539208,23587.87326415224,23540.930352650823,23553.60157523871,480
2026-01-19 17:00:00,23553.60157523871,23563.63619963315,23553.219884389575,23555.900390488117,101
2026-01-19 18:00:00,23555.900390488117,23578.470967890094,23554.13267709748,23571.45206956549,113
2026-01-19 19:00:00,23571.45206956549,23573.429488625654,23530.42099835172,23535.876872335703,600
2026-01-19 20:00:00,23535.876872335703,23562.28551427391,23531.30744041744,23557.158771383773,386
2026-01-19 21:00:00,23557.158771383773,23568.34260432636,23551.98327716213,23567.865561366998,449
2026-01-19 22:00:00,23567.865561366998,23581.70331374366,23559.469139644443,23576.6219393302,367
2026-01-19 23:00:00,23576.6219393302,23593.224026311203,23570.786773538977,23576.300276083693,967
2026-01-20 00:00:00,23576.300276083693,23580.17136275613,23559.00134532377,23561.564123789325,312
2026-01-20 01:00:00,23561.564123789325,23561.75896052741,23531.34296567806,23548.481128546955,963
2026-01-20 02:00:00,23548.481128546955,23549.4413791607,23539.5357740268,23544.443917808643,611
2026-01-20 03:00:00,23544.443917808643,23547.637702789485,23508.58977596138,23513.767343479,341
2026-01-20 04:00:00,23513.767343479,23525.48234252068,23490.68447571508,23492.480090263558,623
2026-01-20 05:00:00,23492.480090263558,23501.10953693101,23482.55290168636,23482.860969442365,186
2026-01-20 09:45:00,23482.860969442365,23498.009019999536,23471.048646644558,23485.397882743662,790
2026-01-20 10:45:00,23485.397882743662,23489.350124233923,23479.737781785232,23481.823171911823,375
2026-01-20 11:45:00,23481.823171911823,23491.205004065898,23467.510204777154,23471.85900601391,285
2026-01-20 12:45:00,23471.85900601391,23481.04913161689,23407.79728475907,23421.714994989296,281
2026-01-20 13:45:00,23421.714994989296,23431.001609288323,23388.300238619915,23392.04184823041,273
2026-01-20 16:00:00,23392.04184823041,23392.65642335889,23380.289722195794,23390.553659989302,598
2026-01-20 17:00:00,23390.553659989302,23393.978581277028,23345.884798528456,23357.89087685353,525
2026-01-20 18:00:00,23357.89087685353,23360.46395726327,23326.94162943752,23343.555613306005,290
2026-01-20 19:00:00,23343.555613306005,23352.991821078347,23341.48327613944,23351.081507806135,198
2026-01-20 20:00:00,23351.081507806135,23356.90254415523,23341.42678550177,23341.84235258823,466
2026-01-20 21:00:00,23341.84235258823,23357.82795806449,23326.996764394054,23334.327385791676,273
2026-01-20 22:00:00,23334.327385791676,23351.03438342992,23282.690433477183,23283.807150502424,654
2026-01-20 23:00:00,23283.807150502424,23292.234475007812,23277.87532872097,23282.865480406537,1057
2026-01-21 00:00:00,23282.865480406537,23289.826022252048,23273.30207501817,23277.267530121953,175
2026-01-21 01:00:00,23277.267530121953,23305.753735999362,23275.658737748232,23305.292785623093,625
2026-01-21 02:00:00,23305.292785623093,23321.292951101033,23296.148746321247,23316.1831093248,916
2026-01-21 03:00:00,23316.1831093248,23322.217316124956,23309.916596659976,23310.42970343272,264
2026-01-21 04:00:00,23310.42970343272,23323.33939358519,23305.038856376177,23308.66713078829,222
2026-01-21 05:00:00,23308.66713078829,23329.202761614553,23303.88793022949,23319.381899093456,450
2026-01-21 09:45:00,23319.381899093456,23329.41956330473,23318.377287465682,23328.21911860847,186
2026-01-21 10:45:00,23328.21911860847,23339.739525669225,23287.690282940996,23300.446323446795,523
2026-01-21 11:45:00,23300.446323446795,23305.55801742831,23244.721627441675,23255.306345788937,921
2026-01-21 12:45:00,23255.306345788937,23273.32583223169,23227.292654919733,23235.146778815666,262
2026-01-21 13:45:00,23235.146778815666,23265.52635113671,23221.983588840012,23254.4097714026,611
2026-01-21 16:00:00,23254.4097714026,23271.992727820565,23249.65173666928,23267.481454860146,526
2026-01-21 17:00:00,23267.481454860146,23268.31506369176,23260.984936651552,23261.48568167475,476
2026-01-21 18:00:00,23261.48568167475,23262.272398689107,23216.409550559692,23224.3182794169,651
2026-01-21 19:00:00,23224.3182794169,23241.4626503572,23211.754274587915,23234.11611750918,594
2026-01-21 20:00:00,23234.11611750918,23235.913182709155,23205.03750916627,23209.437925958468,584
2026-01-21 21:00:00,23209.437925958468,23214.248867110076,23175.675313891155,23178.233569364296,896
2026-01-21 22:00:00,23178.233569364296,23182.653488999633,23165.4563639852,23167.247677057716,782
2026-01-21 23:00:00,23167.247677057716,23168.226057081974,23145.296009032896,23149.64239326519,124
2026-01-22 00:00:00,23149.64239326519,23154.945600605595,23116.600525880876,23127.821368055273,974
2026-01-22 01:00:00,23127.821368055273,23133.568626179826,23097.050562790075,23104.20995780563,247
2026-01-22 02:00:00,23104.20995780563,23106.44191110342,23077.944397695286,23084.627174121364,1172
2026-01-22 03:00:00,23084.627174121364,23089.69738916882,23072.830656936996,23076.141049716607,192
2026-01-22 04:00:00,23076.141049716607,23077.317065729636,23057.540420382717,23065.251453317076,1205
2026-01-22 05:00:00,23065.251453317076,23065.957709703885,23011.878458815027,23032.51613351626,501
2026-01-22 09:45:00,23032.51613351626,23051.144186495807,23027.964268882777,23046.715480562143,914
2026-01-22 10:45:00,23046.715480562143,23051.368927873733,23021.55018933015,23029.668243175696,424
2026-01-22 11:45:00,23029.668243175696,23035.828029024164,23013.04845713169,23014.918744426013,877
2026-01-22 12:45:00,23014.918744426013,23030.868629566587,23011.50070626626,23014.49315882504,713
2026-01-22 13:45:00,23014.49315882504,23027.69459480107,23008.85306397897,23024.34244272614,127
2026-01-22 16:00:00,23024.34244272614,23028.652490665714,23005.529784848048,23012.895173592682,184
2026-01-22 17:00:00,23012.895173592682,23020.1264347244,22989.797131012947,22995.681370553666,718
2026-01-22 18:00:00,22995.681370553666,23004.419872671046,22990.49929957718,22993.030567174737,706
2026-01-22 19:00:00,22993.030567174737,23017.75478798665,22991.494174242816,23014.608245271495,254
2026-01-22 20:00:00,23014.608245271495,23020.273114685002,22991.443050175174,22999.09666870953,492
2026-01-22 21:00:00,22999.09666870953,23003.16059932483,22947.304965459825,22956.131898309217,1176
2026-01-22 22:00:00,22956.131898309217,22980.7334858964,22949.423972113604,22980.684918604078,140
2026-01-22 23:00:00,22980.684918604078,22983.22008734919,22978.545780091503,22980.89789099568,260
2026-01-23 00:00:00,22980.89789099568,22982.751228238398,22974.851929719734,22981.351550184834,368
2026-01-23 01:00:00,22981.351550184834,22981.424502157988,22958.314560672603,22967.001725199254,337
2026-01-23 02:00:00,22967.001725199254,22978.123385591392,22961.3433564249,22965.805838875713,105
2026-01-23 03:00:00,22965.805838875713,22968.24763651055,22929.560441590354,22934.43653920763,193
2026-01-23 04:00:00,22934.43653920763,22935.0005294321,22925.15005188629,22929.042065036898,132
2026-01-23 05:00:00,22929.042065036898,22930.19476548267,22888.886435963926,22898.563993906657,399
2026-01-23 09:45:00,22898.563993906657,22906.186139133097,22886.638184811858,22904.478596165656,174
2026-01-23 10:45:00,22904.478596165656,22906.89835365756,22877.00356094256,22880.10897549089,185
2026-01-23 11:45:00,22880.10897549089,22883.604480848862,22856.2074048015,22865.73257499979,574
2026-01-23 12:45:00,22865.73257499979,22873.207134289703,22799.59842967129,22810.53345925861,212
2026-01-23 13:45:00,22810.53345925861,22814.86516108425,22761.012390108423,22767.085631390844,388
2026-01-23 16:00:00,22767.085631390844,22770.220063434066,22728.51115691367,22740.342449463864,191
2026-01-23 17:00:00,22740.342449463864,22741.299092411176,22726.56135389209,22734.345905419144,698
2026-01-23 18:00:00,22734.345905419144,22741.81204909173,22715.489333192443,22719.035591201977,542
2026-01-23 19:00:00,22719.035591201977,22740.7640566927,22706.127100018963,22729.78884754925,835
2026-01-23 20:00:00,22729.78884754925,22738.10808504842,22699.930894870755,22704.77581918865,1013
2026-01-23 21:00:00,22704.77581918865,22722.034284894773,22678.96536572447,22683.811085108497,471
2026-01-23 22:00:00,22683.811085108497,22701.615281128925,22683.55505191597,22689.12319155511,476
2026-01-23 23:00:00,22689.12319155511,22705.230289535324,22663.8921848096,22664.98446745826,282
2026-01-24 00:00:00,22664.98446745826,22672.757379766346,22620.78833054558,22630.391641809136,428
2026-01-24 01:00:00,22630.391641809136,22639.87727504644,22616.456488372725,22622.208114858047,598
2026-01-24 02:00:00,22622.208114858047,22634.21878407369,22582.50137174835,22585.082810459087,225
2026-01-24 03:00:00,22585.082810459087,22588.72991263574,22563.435581288686,22580.755600047894,421
2026-01-24 04:00:00,22580.755600047894,22582.9043382788,22556.111857937198,22568.339605348498,353
2026-01-24 05:00:00,22568.339605348498,22573.491329598084,22561.625928009784,22570.57170776174,622
2026-01-26 09:45:00,22570.57170776174,22594.406929351153,22568.801678773056,22585.58126242538,238
2026-01-26 10:45:00,22585.58126242538,22592.46505033226,22580.729793750234,22585.394413258786,183
2026-01-26 11:45:00,22585.394413258786,22598.253177866947,22565.27609927726,22569.203898890366,467
2026-01-26 12:45:00,22569.203898890366,22576.36448372388,22558.829243306718,22574.91631125425,299
2026-01-26 13:45:00,22574.91631125425,22579.607223404288,22543.219743714446,22553.126008285915,110
2026-01-26 16:00:00,22553.126008285915,22568.16449000885,22532.31254337247,22566.238464572943,382
2026-01-26 17:00:00,22566.238464572943,22569.287731652006,22551.695405316717,22562.01342734938,436
2026-01-26 18:00:00,22562.01342734938,22563.685613407666,22523.75308879399,22530.557252427665,390
2026-01-26 19:00:00,22530.557252427665,22546.762042436752,22520.990187931384,22543.60467019817,322
2026-01-26 20:00:00,22543.60467019817,22544.676807531552,22523.251350904113,22523.368856461948,492
2026-01-26 21:00:00,22523.368856461948,22526.725116013204,22502.543100059782,22509.643037482198,318
2026-01-26 22:00:00,22509.643037482198,22523.458748292065,22489.053005351245,22492.250094836163,212
2026-01-26 23:00:00,22492.250094836163,22506.33656533201,22447.28422717202,22459.489477688578,731
2026-01-27 00:00:00,22459.489477688578,22488.664643142623,22458.013067263,22484.150662353364,871
2026-01-27 01:00:00,22484.150662353364,22514.865267778496,22475.95816214687,22505.19833793375,396
2026-01-27 02:00:00,22505.19833793375,22511.743929001128,22485.187080742384,22485.214076401673,185
2026-01-27 03:00:00,22485.214076401673,22492.85651807024,22481.3887735478,22482.096028638134,838
2026-01-27 04:00:00,22482.096028638134,22487.830607202955,22449.662292739755,22464.59458567634,141
2026-01-27 05:00:00,22464.59458567634,22479.276186637435,22456.401091081705,22474.229693160996,1027
2026-01-27 09:45:00,22474.229693160996,22476.041565951797,22466.53409047897,22474.209604372758,286
2026-01-27 10:45:00,22474.209604372758,22505.874365233954,22470.29880899847,22493.528417007776,659
2026-01-27 11:45:00,22493.528417007776,22496.113758721254,22455.449230320755,22456.630051011143,333
2026-01-27 12:45:00,22456.630051011143,22460.89165772844,22441.99955843955,22451.358893125234,1536
2026-01-27 13:45:00,22451.358893125234,22480.60836355053,22447.702123072544,22467.318289834147,401
2026-01-27 16:00:00,22467.318289834147,22469.732625032702,22436.3339225198,22442.46256474688,713
2026-01-27 17:00:00,22442.46256474688,22449.48642544093,22422.059079663628,22428.674122495948,213
2026-01-27 18:00:00,22428.674122495948,22438.771266871558,22416.73261394427,22432.345835266115,235
2026-01-27 19:00:00,22432.345835266115,22451.7397573483,22403.45014108293,22410.52250425382,468
2026-01-27 20:00:00,22410.52250425382,22414.650017995453,22388.021901937867,22400.52226879296,364
2026-01-27 21:00:00,22400.52226879296,22402.870732250292,22361.46356514431,22372.3162195813,333
2026-01-27 22:00:00,22372.3162195813,22381.634134416956,22331.575942621326,22337.452675235712,505
2026-01-27 23:00:00,22337.452675235712,22352.526558941263,22336.959236436927,22344.399984389434,314
2026-01-28 00:00:00,22344.399984389434,22347.3362071021,22330.88243948074,22337.50316124593,143
2026-01-28 01:00:00,22337.50316124593,22340.995639679193,22274.26011186329,22281.491590591977,1281
2026-01-28 02:00:00,22281.491590591977,22297.95155434967,22278.51485390503,22278.681203566433,464
2026-01-28 03:00:00,22278.681203566433,22293.614613741436,22272.287667513232,22288.44690030844,341
2026-01-28 04:00:00,22288.44690030844,22301.444327976198,22275.68922306749,22278.273857252418,226
2026-01-28 05:00:00,22278.273857252418,22285.338735469595,22243.18247575894,22243.80517333504,190
2026-01-28 09:45:00,22243.80517333504,22251.466270550565,22240.394312565397,22245.451942149804,674
2026-01-28 10:45:00,22245.451942149804,22252.805773626405,22211.07833924405,22216.423491928363,1036
2026-01-28 11:45:00,22216.423491928363,22226.671622822243,22203.166705345346,22203.709549429565,526
2026-01-28 12:45:00,22203.709549429565,22208.857948088105,22175.877426127507,22184.117112668155,267
2026-01-28 13:45:00,22184.117112668155,22187.505905192902,22145.060415766617,22161.56061512056,633
2026-01-28 16:00:00,22161.56061512056,22175.79319760428,22157.941640750563,22175.156066474312,631
2026-01-28 17:00:00,22175.156066474312,22183.04190643975,22155.86808857005,22165.367176982567,1394
2026-01-28 18:00:00,22165.367176982567,22166.922251395186,22160.674054986146,22163.499385328632,269
2026-01-28 19:00:00,22163.499385328632,22174.040165613496,22149.906671172743,22157.95901169498,669
2026-01-28 20:00:00,22157.95901169498,22174.93385088705,22145.676894331882,22150.539470228636,748
2026-01-28 21:00:00,22150.539470228636,22154.57766959846,22121.166488276238,22127.891448488273,373
2026-01-28 22:00:00,22127.891448488273,22131.025513680623,22107.027216523824,22114.40649799981,907
2026-01-28 23:00:00,22114.40649799981,22136.726737361267,22106.42001081463,22124.556208945887,315
2026-01-29 00:00:00,22124.556208945887,22131.785823831728,22114.579809569266,22117.17468382304,689
2026-01-29 01:00:00,22117.17468382304,22118.78396107002,22102.0964543114,22104.36275728377,229
2026-01-29 02:00:00,22104.36275728377,22111.333135663426,22079.727219532182,22090.495056974156,163
2026-01-29 03:00:00,22090.495056974156,22095.917016738356,22066.663031643897,22070.77429444117,189
2026-01-29 04:00:00,22070.77429444117,22076.091632128297,22061.89669570552,22071.013860379804,304
2026-01-29 05:00:00,22071.013860379804,22088.315448732592,22069.952790408744,22073.11639325343,587
2026-01-29 09:45:00,22073.11639325343,22090.49774962154,22062.000690907866,22068.78006432507,367
2026-01-29 10:45:00,22068.78006432507,22070.956734325395,22063.10444978796,22069.432736887164,317
2026-01-29 11:45:00,22069.432736887164,22075.343220734263,22057.195023075583,22062.117962947686,567
2026-01-29 12:45:00,22062.117962947686,22068.582425333934,22048.577953465043,22051.516251972254,1019
2026-01-29 13:45:00,22051.516251972254,22051.671608819357,22039.324630321265,22041.75006858394,499
2026-01-29 16:00:00,22041.75006858394,22050.292491956574,22011.726673175315,22019.329133911106,955
2026-01-29 17:00:00,22019.329133911106,22019.889551216012,22003.1538753416,22012.448901762466,563
2026-01-29 18:00:00,22012.448901762466,22027.251940569837,22010.932248829675,22023.24318721032,600
2026-01-29 19:00:00,22023.24318721032,22030.39784155582,22008.598124035467,22025.1652360908,355
2026-01-29 20:00:00,22025.1652360908,22032.788232468425,22008.074537652235,22020.972763716145,757
2026-01-29 21:00:00,22020.972763716145,22030.97685951451,22008.157037220968,22030.373390403296,223
2026-01-29 22:00:00,22030.373390403296,22058.888515299263,22029.38775194902,22057.481428799805,375
2026-01-29 23:00:00,22057.481428799805,22083.762560496718,22055.92456915791,22078.78136560284,471
2026-01-30 00:00:00,22078.78136560284,22079.07765997923,22059.999145203306,22063.433562999446,446
2026-01-30 01:00:00,22063.433562999446,22075.471325991693,22049.80582303201,22055.886270741525,141
2026-01-30 02:00:00,22055.886270741525,22061.90352198625,22042.317178780242,22044.870574863595,770
2026-01-30 03:00:00,22044.870574863595,22046.15163722813,22034.22125426175,22039.591974873354,206
2026-01-30 04:00:00,22039.591974873354,22045.960181727783,22020.878922258977,22029.486979367764,110
2026-01-30 05:00:00,22029.486979367764,22035.15423350305,22015.12790557529,22027.23762071619,1001
2026-01-30 09:45:00,22027.23762071619,22032.44042850448,22014.588095099934,22028.37062831864,547
2026-01-30 10:45:00,22028.37062831864,22042.248008698727,22021.195913791715,22029.350243672685,234
2026-01-30 11:45:00,22029.350243672685,22035.103470226622,21993.549494155788,21995.23853606641,593
2026-01-30 12:45:00,21995.23853606641,21997.4955884664,21990.03851541982,21995.696740611937,184
2026-01-30 13:45:00,21995.696740611937,22006.984199649905,21978.71727211816,21979.505977176435,109
2026-01-30 16:00:00,21979.505977176435,21991.193945603365,21977.20898385482,21983.56885253206,406
2026-01-30 17:00:00,21983.56885253206,21984.43733017827,21966.191686536687,21966.457526461843,204
2026-01-30 18:00:00,21966.457526461843,21970.84732572377,21936.796537054877,21937.539296264007,179
2026-01-30 19:00:00,21937.539296264007,21961.415111703092,21929.783638659792,21954.485712917376,313
2026-01-30 20:00:00,21954.485712917376,21989.19744174759,21947.132479528496,21979.648347093538,600
2026-01-30 21:00:00,21979.648347093538,22001.032080149467,21977.3387980593,21999.031708032675,230
2026-01-30 22:00:00,21999.031708032675,22016.842590534074,21985.04345224677,22010.494680769654,752
2026-01-30 23:00:00,22010.494680769654,22032.005088699134,22001.76694932793,22022.991447604512,305
2026-01-31 00:00:00,22022.991447604512,22025.455721878,22011.374102641086,22017.61138689924,755
2026-01-31 01:00:00,22017.61138689924,22019.285161889195,21997.30719843077,22010.77470396854,502
2026-01-31 02:00:00,22010.77470396854,22045.832826498234,22006.034989895314,22035.958035523196,113
2026-01-31 03:00:00,22035.958035523196,22039.350523878908,22019.945821437817,22023.736536214386,107
2026-01-31 04:00:00,22023.736536214386,22027.645695509556,22022.85965778298,22024.154608385343,144
2026-01-31 05:00:00,22024.154608385343,22036.94378574938,22014.73260706877,22019.2199626523,247
2026-02-02 09:45:00,22019.2199626523,22034.4978979942,22016.262825114714,22025.112900893506,153
2026-02-02 10:45:00,22025.112900893506,22034.127040644784,22002.524732930782,22012.076132981976,171
2026-02-02 11:45:00,22012.076132981976,22063.103615466403,22008.06937718242,22057.999206654877,1000
2026-02-02 12:45:00,22057.999206654877,22062.965987440886,22053.878088108755,22055.223238657432,336
2026-02-02 13:45:00,22055.223238657432,22081.90968597033,22053.309263744544,22073.327741764413,1137
2026-02-02 16:00:00,22073.327741764413,22075.615775539452,22035.04147393663,22043.84915101662,1079
2026-02-02 17:00:00,22043.84915101662,22063.03259760851,22043.00156418219,22059.31011395427,1422
2026-02-02 18:00:00,22059.31011395427,22074.458097739,22050.623823354756,22070.716552364876,148
2026-02-02 19:00:00,22070.716552364876,22077.31171417355,22067.971014160896,22075.158698643587,410
2026-02-02 20:00:00,22075.158698643587,22090.349690538314,22066.15029663741,22090.115588028835,125
2026-02-02 21:00:00,22090.115588028835,22123.48551922492,22084.885457319644,22116.239660818017,397
2026-02-02 22:00:00,22116.239660818017,22141.3416490873,22087.672549256346,22096.121003728873,211
2026-02-02 23:00:00,22096.121003728873,22114.34575225863,22090.95927904127,22110.176772831594,377
2026-02-03 00:00:00,22110.176772831594,22118.41605279888,22108.617506588773,22117.20586652965,666
2026-02-03 01:00:00,22117.20586652965,22122.45307274189,22082.28728151614,22083.84517107389,109
2026-02-03 02:00:00,22083.84517107389,22117.55909487181,22077.6621497313,22109.978883174826,303
2026-02-03 03:00:00,22109.978883174826,22114.992620971545,22090.7827768029,22097.68192458196,576
2026-02-03 04:00:00,22097.68192458196,22123.312214792528,22092.550071820177,22119.182788495607,315
2026-02-03 05:00:00,22119.182788495607,22151.06387868323,22113.516357718,22141.552571711436,275
2026-02-03 09:45:00,22141.552571711436,22162.16118857517,22140.248035999884,22155.106191365347,472
2026-02-03 10:45:00,22155.106191365347,22170.611216445326,22152.642499128233,22164.271857077325,1046
2026-02-03 11:45:00,22164.271857077325,22183.492802002536,22158.997891729865,22176.95609295399,568
2026-02-03 12:45:00,22176.95609295399,22183.10923175229,22167.930869855245,22175.450094664116,514
2026-02-03 13:45:00,22175.450094664116,22199.568744936725,22170.366750422443,22183.53784602147,719
2026-02-03 16:00:00,22183.53784602147,22211.019880988126,22173.067282828517,22200.134612221416,1609
2026-02-03 17:00:00,22200.134612221416,22249.675838269897,22198.45733689922,22239.764267446382,345
2026-02-03 18:00:00,22239.764267446382,22243.57512960123,22234.67421025761,22238.717971530943,630
2026-02-03 19:00:00,22238.717971530943,22265.161623287826,22238.513377033407,22261.089914282165,984
2026-02-03 20:00:00,22261.089914282165,22270.447528382483,22259.871075305895,22266.254821199007,511
2026-02-03 21:00:00,22266.254821199007,22280.36008892805,22263.631663466902,22280.28568635894,177
2026-02-03 22:00:00,22280.28568635894,22286.127525618052,22277.85587812873,22280.86259370545,772
2026-02-03 23:00:00,22280.86259370545,22291.83172044357,22278.762103073434,22284.83660699787,196
2026-02-04 00:00:00,22284.83660699787,22299.52230909973,22284.01083297441,22296.3985903003,232
2026-02-04 01:00:00,22296.3985903003,22297.472823597793,22259.90642303611,22271.28840812491,563
2026-02-04 02:00:00,22271.28840812491,22304.333939091754,22269.709882465664,22303.624678364064,408
2026-02-04 03:00:00,22303.624678364064,22334.364425009113,22302.509108158614,22324.733349511764,325
2026-02-04 04:00:00,22324.733349511764,22357.649294398223,22306.363901886667,22346.098455869156,375
2026-02-04 05:00:00,22346.098455869156,22350.17374000129,22342.47246859697,22348.99149745075,826
